country_code,country_name,year,indicator_code,indicator_name,value
BOL,Bolivia,2024,NY.GDP.MKTP.CD,gdp_usd,54881327452.9667
BOL,Bolivia,2023,NY.GDP.MKTP.CD,gdp_usd,52340206946.4544
BOL,Bolivia,2022,NY.GDP.MKTP.CD,gdp_usd,50959081953.6903
BOL,Bolivia,2021,NY.GDP.MKTP.CD,gdp_usd,47877892402.3155
BOL,Bolivia,2020,NY.GDP.MKTP.CD,gdp_usd,42313784081.042
BOL,Bolivia,2019,NY.GDP.MKTP.CD,gdp_usd,49056643589.0014
BOL,Bolivia,2018,NY.GDP.MKTP.CD,gdp_usd,48414038842.2576
BOL,Bolivia,2017,NY.GDP.MKTP.CD,gdp_usd,45927439594.7902
BOL,Bolivia,2016,NY.GDP.MKTP.CD,gdp_usd,33941126193.9219
BOL,Bolivia,2015,NY.GDP.MKTP.CD,gdp_usd,33000198248.9146
BOL,Bolivia,2024,SP.RUR.TOTL,rural_population,3570548
BOL,Bolivia,2023,SP.RUR.TOTL,rural_population,3561196
BOL,Bolivia,2022,SP.RUR.TOTL,rural_population,3546425
BOL,Bolivia,2021,SP.RUR.TOTL,rural_population,3540019
BOL,Bolivia,2020,SP.RUR.TOTL,rural_population,3539659
BOL,Bolivia,2019,SP.RUR.TOTL,rural_population,3532520
BOL,Bolivia,2018,SP.RUR.TOTL,rural_population,3520020
BOL,Bolivia,2017,SP.RUR.TOTL,rural_population,3507315
BOL,Bolivia,2016,SP.RUR.TOTL,rural_population,3494356
BOL,Bolivia,2015,SP.RUR.TOTL,rural_population,3481109
BOL,Bolivia,2023,AG.LND.AGRI.ZS,agricultural_land_pct,35.8307014677375
BOL,Bolivia,2022,AG.LND.AGRI.ZS,agricultural_land_pct,35.8307014677375
BOL,Bolivia,2021,AG.LND.AGRI.ZS,agricultural_land_pct,35.6827879627065
BOL,Bolivia,2020,AG.LND.AGRI.ZS,agricultural_land_pct,35.5645909720299
BOL,Bolivia,2019,AG.LND.AGRI.ZS,agricultural_land_pct,35.5444151204652
BOL,Bolivia,2018,AG.LND.AGRI.ZS,agricultural_land_pct,35.2631302501615
BOL,Bolivia,2017,AG.LND.AGRI.ZS,agricultural_land_pct,35.0226160804948
BOL,Bolivia,2016,AG.LND.AGRI.ZS,agricultural_land_pct,35.1546201421582
BOL,Bolivia,2015,AG.LND.AGRI.ZS,agricultural_land_pct,35.2820086771901
BOL,Bolivia,2024,TX.VAL.AGRI.ZS.UN,agri_exports_pct,1.0336461136292
BOL,Bolivia,2023,TX.VAL.AGRI.ZS.UN,agri_exports_pct,0.79110162902739
BOL,Bolivia,2022,TX.VAL.AGRI.ZS.UN,agri_exports_pct,0.624185377839855
BOL,Bolivia,2021,TX.VAL.AGRI.ZS.UN,agri_exports_pct,0.725177607062675
BOL,Bolivia,2020,TX.VAL.AGRI.ZS.UN,agri_exports_pct,0.753498773105221
BOL,Bolivia,2019,TX.VAL.AGRI.ZS.UN,agri_exports_pct,0.500793222625318
BOL,Bolivia,2018,TX.VAL.AGRI.ZS.UN,agri_exports_pct,0.552689796873452
BOL,Bolivia,2017,TX.VAL.AGRI.ZS.UN,agri_exports_pct,0.488909901266585
BOL,Bolivia,2016,TX.VAL.AGRI.ZS.UN,agri_exports_pct,0.536266800367834
BOL,Bolivia,2015,TX.VAL.AGRI.ZS.UN,agri_exports_pct,0.515341762027744
COL,Colombia,2024,NY.GDP.MKTP.CD,gdp_usd,420504033143.211
COL,Colombia,2023,NY.GDP.MKTP.CD,gdp_usd,366901643683.302
COL,Colombia,2022,NY.GDP.MKTP.CD,gdp_usd,345632492851.448
COL,Colombia,2021,NY.GDP.MKTP.CD,gdp_usd,318524633225.395
COL,Colombia,2020,NY.GDP.MKTP.CD,gdp_usd,270348342541.465
COL,Colombia,2019,NY.GDP.MKTP.CD,gdp_usd,323031701192.84
COL,Colombia,2018,NY.GDP.MKTP.CD,gdp_usd,334198218098.276
COL,Colombia,2017,NY.GDP.MKTP.CD,gdp_usd,311866875156.879
COL,Colombia,2016,NY.GDP.MKTP.CD,gdp_usd,282720100286.228
COL,Colombia,2015,NY.GDP.MKTP.CD,gdp_usd,293492370193.166
COL,Colombia,2024,SP.RUR.TOTL,rural_population,11359419
COL,Colombia,2023,SP.RUR.TOTL,rural_population,11366471
COL,Colombia,2022,SP.RUR.TOTL,rural_population,11358309
COL,Colombia,2021,SP.RUR.TOTL,rural_population,11346392
COL,Colombia,2020,SP.RUR.TOTL,rural_population,11321752
COL,Colombia,2019,SP.RUR.TOTL,rural_population,11249483
COL,Colombia,2018,SP.RUR.TOTL,rural_population,11138122
COL,Colombia,2017,SP.RUR.TOTL,rural_population,10962084
COL,Colombia,2016,SP.RUR.TOTL,rural_population,10814032
COL,Colombia,2015,SP.RUR.TOTL,rural_population,10726230
COL,Colombia,2023,AG.LND.AGRI.ZS,agricultural_land_pct,36.4876070301938
COL,Colombia,2022,AG.LND.AGRI.ZS,agricultural_land_pct,37.6412798557909
COL,Colombia,2021,AG.LND.AGRI.ZS,agricultural_land_pct,38.7691151870212
COL,Colombia,2020,AG.LND.AGRI.ZS,agricultural_land_pct,39.8467278954484
COL,Colombia,2019,AG.LND.AGRI.ZS,agricultural_land_pct,39.9765660207301
COL,Colombia,2018,AG.LND.AGRI.ZS,agricultural_land_pct,39.7007661108607
COL,Colombia,2017,AG.LND.AGRI.ZS,agricultural_land_pct,39.195132942767
COL,Colombia,2016,AG.LND.AGRI.ZS,agricultural_land_pct,40.3504281207751
COL,Colombia,2015,AG.LND.AGRI.ZS,agricultural_land_pct,40.3644885083371
COL,Colombia,2024,TX.VAL.AGRI.ZS.UN,agri_exports_pct,5.08801286297382
COL,Colombia,2023,TX.VAL.AGRI.ZS.UN,agri_exports_pct,4.51438004401259
COL,Colombia,2022,TX.VAL.AGRI.ZS.UN,agri_exports_pct,3.90101281557548
COL,Colombia,2021,TX.VAL.AGRI.ZS.UN,agri_exports_pct,4.5668873886579
COL,Colombia,2020,TX.VAL.AGRI.ZS.UN,agri_exports_pct,4.93670062837767
COL,Colombia,2019,TX.VAL.AGRI.ZS.UN,agri_exports_pct,4.05333009652959
COL,Colombia,2018,TX.VAL.AGRI.ZS.UN,agri_exports_pct,3.7746310572938
COL,Colombia,2017,TX.VAL.AGRI.ZS.UN,agri_exports_pct,3.93054100144326
COL,Colombia,2016,TX.VAL.AGRI.ZS.UN,agri_exports_pct,4.68178275723536
COL,Colombia,2015,TX.VAL.AGRI.ZS.UN,agri_exports_pct,4.0043653679333
