country_code,country_name,year,item_name,element,value,unit
BOL,Bolivia (Plurinational State of),2015,Sugar cane,area_harvested_ha,145449.0,ha
BOL,Bolivia (Plurinational State of),2016,Sugar cane,area_harvested_ha,146009.0,ha
BOL,Bolivia (Plurinational State of),2017,Sugar cane,area_harvested_ha,157074.0,ha
BOL,Bolivia (Plurinational State of),2018,Sugar cane,area_harvested_ha,168180.0,ha
BOL,Bolivia (Plurinational State of),2019,Sugar cane,area_harvested_ha,174630.0,ha
BOL,Bolivia (Plurinational State of),2020,Sugar cane,area_harvested_ha,180065.0,ha
BOL,Bolivia (Plurinational State of),2021,Sugar cane,area_harvested_ha,183675.0,ha
BOL,Bolivia (Plurinational State of),2022,Sugar cane,area_harvested_ha,180801.0,ha
BOL,Bolivia (Plurinational State of),2023,Sugar cane,area_harvested_ha,176294.0,ha
BOL,Bolivia (Plurinational State of),2024,Sugar cane,area_harvested_ha,209210.0,ha
BOL,Bolivia (Plurinational State of),2015,Sugar cane,production_tonnes,7192512.0,t
BOL,Bolivia (Plurinational State of),2016,Sugar cane,production_tonnes,7374751.0,t
BOL,Bolivia (Plurinational State of),2017,Sugar cane,production_tonnes,8731675.5,t
BOL,Bolivia (Plurinational State of),2018,Sugar cane,production_tonnes,9616439.95,t
BOL,Bolivia (Plurinational State of),2019,Sugar cane,production_tonnes,9558472.0,t
BOL,Bolivia (Plurinational State of),2020,Sugar cane,production_tonnes,10094423.0,t
BOL,Bolivia (Plurinational State of),2021,Sugar cane,production_tonnes,10057104.09,t
BOL,Bolivia (Plurinational State of),2022,Sugar cane,production_tonnes,9659111.34,t
BOL,Bolivia (Plurinational State of),2023,Sugar cane,production_tonnes,10307308.57,t
BOL,Bolivia (Plurinational State of),2024,Sugar cane,production_tonnes,11447542.46,t
COL,Colombia,2015,Oil palm fruit,area_harvested_ha,333145.0,ha
COL,Colombia,2016,Oil palm fruit,area_harvested_ha,310647.0,ha
COL,Colombia,2017,Oil palm fruit,area_harvested_ha,455149.0,ha
COL,Colombia,2018,Oil palm fruit,area_harvested_ha,487214.0,ha
COL,Colombia,2019,Oil palm fruit,area_harvested_ha,504117.0,ha
COL,Colombia,2020,Oil palm fruit,area_harvested_ha,478045.0,ha
COL,Colombia,2021,Oil palm fruit,area_harvested_ha,482649.0,ha
COL,Colombia,2022,Oil palm fruit,area_harvested_ha,487076.0,ha
COL,Colombia,2023,Oil palm fruit,area_harvested_ha,502624.0,ha
COL,Colombia,2024,Oil palm fruit,area_harvested_ha,511583.0,ha
COL,Colombia,2015,Oil palm fruit,production_tonnes,6249380.48,t
COL,Colombia,2016,Oil palm fruit,production_tonnes,5612266.78,t
COL,Colombia,2017,Oil palm fruit,production_tonnes,7914444.0,t
COL,Colombia,2018,Oil palm fruit,production_tonnes,8267513.0,t
COL,Colombia,2019,Oil palm fruit,production_tonnes,8390314.0,t
COL,Colombia,2020,Oil palm fruit,production_tonnes,7172978.0,t
COL,Colombia,2021,Oil palm fruit,production_tonnes,7886314.0,t
COL,Colombia,2022,Oil palm fruit,production_tonnes,8022886.52,t
COL,Colombia,2023,Oil palm fruit,production_tonnes,8316826.3,t
COL,Colombia,2024,Oil palm fruit,production_tonnes,7824755.58,t
COL,Colombia,2015,Sugar cane,area_harvested_ha,409462.0,ha
COL,Colombia,2016,Sugar cane,area_harvested_ha,402314.0,ha
COL,Colombia,2017,Sugar cane,area_harvested_ha,431027.0,ha
COL,Colombia,2018,Sugar cane,area_harvested_ha,455114.0,ha
COL,Colombia,2019,Sugar cane,area_harvested_ha,673293.0,ha
COL,Colombia,2020,Sugar cane,area_harvested_ha,407583.0,ha
COL,Colombia,2021,Sugar cane,area_harvested_ha,360290.0,ha
COL,Colombia,2022,Sugar cane,area_harvested_ha,390798.0,ha
COL,Colombia,2023,Sugar cane,area_harvested_ha,353571.0,ha
COL,Colombia,2024,Sugar cane,area_harvested_ha,357070.0,ha
COL,Colombia,2015,Sugar cane,production_tonnes,36139166.0,t
COL,Colombia,2016,Sugar cane,production_tonnes,34759606.06,t
COL,Colombia,2017,Sugar cane,production_tonnes,23389039.0,t
COL,Colombia,2018,Sugar cane,production_tonnes,33454409.0,t
COL,Colombia,2019,Sugar cane,production_tonnes,33835406.0,t
COL,Colombia,2020,Sugar cane,production_tonnes,36364744.04,t
COL,Colombia,2021,Sugar cane,production_tonnes,34583307.13,t
COL,Colombia,2022,Sugar cane,production_tonnes,35723117.0,t
COL,Colombia,2023,Sugar cane,production_tonnes,32189251.0,t
COL,Colombia,2024,Sugar cane,production_tonnes,31856922.0,t
